Nama Produk,Link Affiliate,Keyword,Teks Promosi,Status,Komisi (%),Extra Commission,Penawaran Berakhir
EPC Designer Fashion Official,https://s.shopee.co.id/6L2cFN50pR,epc designer fashion,Belanja di EPC Designer Fashion Official sekarang lagi ada komisi ekstra loh! Cek koleksi lengkapnya di link ya 🛍️,Draft,11.5,TRUE,
FashioNex Official Store,https://s.shopee.co.id/6AjC345eAQ,fashionex,Belanja di FashioNex Official Store sekarang lagi ada komisi ekstra loh! Cek koleksi lengkapnya di link ya 🛍️,Draft,12.5,TRUE,
ZIEWI FASHION Official Store,https://s.shopee.co.id/60Plql6HVP,ziewi fashion,Belanja di ZIEWI FASHION Official Store sekarang lagi ada komisi ekstra loh! Cek koleksi lengkapnya di link ya 🛍️,Draft,10.5,TRUE,
NR fashion Official Store,https://s.shopee.co.id/4Vay40BzY8,nr fashion,Belanja di NR fashion Official Store sekarang lagi ada komisi ekstra loh! Cek koleksi lengkapnya di link ya 🛍️,Draft,7.5,TRUE,
IZNAY FASHION Official Store,https://s.shopee.co.id/4LHXrhCct7,iznay fashion,Belanja di IZNAY FASHION Official Store sekarang lagi ada komisi ekstra loh! Cek koleksi lengkapnya di link ya 🛍️,Draft,9.5,TRUE,
Amee Fashion Official Store,https://s.shopee.co.id/4Ay7fODGE6,amee fashion,Belanja di Amee Fashion Official Store sekarang lagi ada komisi ekstra loh! Cek koleksi lengkapnya di link ya 🛍️,Draft,16.5,TRUE,
Yoyo Cool Fashion,https://s.shopee.co.id/40ehT5DtZ5,yoyo cool fashion,Belanja di Yoyo Cool Fashion sekarang lagi ada komisi ekstra loh! Cek koleksi lengkapnya di link ya 🛍️,Draft,4.5,TRUE,
RAINSMORE FASHION,https://s.shopee.co.id/5AqerE9SCK,rainsmore fashion,Belanja di RAINSMORE FASHION sekarang lagi ada komisi ekstra loh! Cek koleksi lengkapnya di link ya 🛍️,Draft,9.5,TRUE,
Alexa Fashion Official Store,https://s.shopee.co.id/50XEevA5XJ,alexa fashion,Belanja di Alexa Fashion Official Store sekarang lagi ada komisi ekstra loh! Cek koleksi lengkapnya di link ya 🛍️,Draft,6.5,TRUE,
Prist Fashion Official Store,https://s.shopee.co.id/4qDoScAisI,prist fashion,Belanja di Prist Fashion Official Store sekarang lagi ada komisi ekstra loh! Cek koleksi lengkapnya di link ya 🛍️,Draft,6.5,TRUE,
FLIDA FASHION Official Store,https://s.shopee.co.id/4fuOGJBMDH,flida fashion,Belanja di FLIDA FASHION Official Store sekarang lagi ada komisi ekstra loh! Cek koleksi lengkapnya di link ya 🛍️,Draft,6.5,TRUE,
FASHION POP38 Official Shop,https://s.shopee.co.id/3B5aTYH4G0,fashion pop38,Belanja di FASHION POP38 Official Shop sekarang lagi ada komisi ekstra loh! Cek koleksi lengkapnya di link ya 🛍️,Draft,9.5,TRUE,
Ataru Fashion Official Store,https://s.shopee.co.id/30mAHFHhaz,ataru fashion,Belanja di Ataru Fashion Official Store sekarang lagi ada komisi ekstra loh! Cek koleksi lengkapnya di link ya 🛍️,Draft,11.5,TRUE,
Pomelo Fashion Official Shop,https://s.shopee.co.id/2qSk4wIKvy,pomelo fashion,Belanja di Pomelo Fashion Official Shop sekarang lagi ada komisi ekstra loh! Cek koleksi lengkapnya di link ya 🛍️,Draft,6.5,TRUE,
ADA Fashion Official Store,https://s.shopee.co.id/2g9JsdIyGx,ada fashion,Belanja di ADA Fashion Official Store sekarang lagi ada komisi ekstra loh! Cek koleksi lengkapnya di link ya 🛍️,Draft,6.5,TRUE,
SJpop Fashion Official Shop,https://s.shopee.co.id/3qLHGmEWuC,sjpop fashion,Belanja di SJpop Fashion Official Shop sekarang lagi ada komisi ekstra loh! Cek koleksi lengkapnya di link ya 🛍️,Draft,16.5,TRUE,
AGM FASHION Official Store,https://s.shopee.co.id/3g1r4TFAFB,agm fashion,Belanja di AGM FASHION Official Store sekarang lagi ada komisi ekstra loh! Cek koleksi lengkapnya di link ya 🛍️,Draft,14.5,TRUE,
AQILA FASHION Official Store,https://s.shopee.co.id/3ViQsAFnaA,aqila fashion,Belanja di AQILA FASHION Official Store sekarang lagi ada komisi ekstra loh! Cek koleksi lengkapnya di link ya 🛍️,Draft,11.5,TRUE,
KAIA Fashion Official Store,https://s.shopee.co.id/3LP0frGQv9,kaia fashion,Belanja di KAIA Fashion Official Store sekarang lagi ada komisi ekstra loh! Cek koleksi lengkapnya di link ya 🛍️,Draft,11.5,TRUE,
Thalia Fashion Official Store,https://s.shopee.co.id/1qaCt6M8xs,thalia fashion,Belanja di Thalia Fashion Official Store sekarang lagi ada komisi ekstra loh! Cek koleksi lengkapnya di link ya 🛍️,Draft,6.5,TRUE,
Lily's Accessories,https://s.shopee.co.id/1gGmgnMmIr,lilys accessories,Belanja di Lily's Accessories sekarang lagi ada komisi ekstra loh! Cek koleksi lengkapnya di link ya 🛍️,Draft,80.0,TRUE,
Kilau Aksesoris,https://s.shopee.co.id/1VxMUUNPdq,kilau aksesoris,Belanja di Kilau Aksesoris sekarang lagi ada komisi ekstra loh! Cek koleksi lengkapnya di link ya 🛍️,Draft,30.0,TRUE,
Miracle Macbook Accessories,https://s.shopee.co.id/1LdwIBO2yp,miracle macbook accessories,Belanja di Miracle Macbook Accessories sekarang lagi ada komisi ekstra loh! Cek koleksi lengkapnya di link ya 🛍️,Draft,30.0,TRUE,
ANDINI_ACCESORIES,https://s.shopee.co.id/2VptgKJbc4,andiniaccesories,Belanja di ANDINI_ACCESORIES sekarang lagi ada komisi ekstra loh! Cek koleksi lengkapnya di link ya 🛍️,Draft,25.0,TRUE,
Sopinia aksesoris,https://s.shopee.co.id/2LWTU1KEx3,sopinia aksesoris,Belanja di Sopinia aksesoris sekarang lagi ada komisi ekstra loh! Cek koleksi lengkapnya di link ya 🛍️,Draft,21.5,TRUE,
Auraaksesoris.id,https://s.shopee.co.id/2BD3HiKsI2,auraaksesoris,Belanja di Auraaksesoris.id sekarang lagi ada komisi ekstra loh! Cek koleksi lengkapnya di link ya 🛍️,Draft,21.5,TRUE,
Toko aksesoris waita,https://s.shopee.co.id/20td5PLVd1,aksesoris waita,Belanja di Toko aksesoris waita sekarang lagi ada komisi ekstra loh! Cek koleksi lengkapnya di link ya 🛍️,Draft,21.5,TRUE,
DS Aksessoris,https://s.shopee.co.id/W4pIeRDfk,ds aksessoris,Belanja di DS Aksessoris sekarang lagi ada komisi ekstra loh! Cek koleksi lengkapnya di link ya 🛍️,Draft,21.5,TRUE,
xavier aksesoris,https://s.shopee.co.id/LlP6LRr0j,xavier aksesoris,Belanja di xavier aksesoris sekarang lagi ada komisi ekstra loh! Cek koleksi lengkapnya di link ya 🛍️,Draft,21.5,TRUE,
Nadini_accesories,https://s.shopee.co.id/BRyu2SULi,nadiniaccesories,Belanja di Nadini_accesories sekarang lagi ada komisi ekstra loh! Cek koleksi lengkapnya di link ya 🛍️,Draft,20.5,TRUE,
LAURA&CO GROSIR AKSESORIS,https://s.shopee.co.id/18YhjT7gh,lauraco grosir aksesoris,Belanja di LAURA&CO GROSIR AKSESORIS sekarang lagi ada komisi ekstra loh! Cek koleksi lengkapnya di link ya 🛍️,Draft,20.5,TRUE,
RIDEMAX ACCESSORIES,https://s.shopee.co.id/1BKW5sOgJw,ridemax accessories,Belanja di RIDEMAX ACCESSORIES sekarang lagi ada komisi ekstra loh! Cek koleksi lengkapnya di link ya 🛍️,Draft,20.0,TRUE,
FRD AKSESORIS,https://s.shopee.co.id/1115tZPJev,frd aksesoris,Belanja di FRD AKSESORIS sekarang lagi ada komisi ekstra loh! Cek koleksi lengkapnya di link ya 🛍️,Draft,20.0,TRUE,
AKSESORIS MOBIL SHOP,https://s.shopee.co.id/qhfhGPwzu,aksesoris mobil,Belanja di AKSESORIS MOBIL SHOP sekarang lagi ada komisi ekstra loh! Cek koleksi lengkapnya di link ya 🛍️,Draft,20.0,TRUE,
Toko Aksesoris Agustus,https://s.shopee.co.id/gOFUxQaKt,aksesoris agustus,Belanja di Toko Aksesoris Agustus sekarang lagi ada komisi ekstra loh! Cek koleksi lengkapnya di link ya 🛍️,Draft,20.0,TRUE,
shotgo accessories,https://s.shopee.co.id/9KgDostaka,shotgo accessories,Belanja di shotgo accessories sekarang lagi ada komisi ekstra loh! Cek koleksi lengkapnya di link ya 🛍️,Draft,20.0,TRUE,
Nexa Aksesoris,https://s.shopee.co.id/9Uze1BsxPd,nexa aksesoris,Belanja di Nexa Aksesoris sekarang lagi ada komisi ekstra loh! Cek koleksi lengkapnya di link ya 🛍️,Draft,20.0,TRUE,
Toko Ganjil Accessories,https://s.shopee.co.id/9fJ4DUsK4g,ganjil accessories,Belanja di Toko Ganjil Accessories sekarang lagi ada komisi ekstra loh! Cek koleksi lengkapnya di link ya 🛍️,Draft,20.0,TRUE,
Raafi aksesoris,https://s.shopee.co.id/9pcUPnrgjj,raafi aksesoris,Belanja di Raafi aksesoris sekarang lagi ada komisi ekstra loh! Cek koleksi lengkapnya di link ya 🛍️,Draft,20.0,TRUE,
Aksesoris store medan,https://s.shopee.co.id/9zvuc6r3Om,aksesoris medan,Belanja di Aksesoris store medan sekarang lagi ada komisi ekstra loh! Cek koleksi lengkapnya di link ya 🛍️,Draft,20.0,TRUE,
AksesorisOriginal,https://s.shopee.co.id/AAFKoPqQ3p,aksesorisoriginal,Belanja di AksesorisOriginal sekarang lagi ada komisi ekstra loh! Cek koleksi lengkapnya di link ya 🛍️,Draft,20.0,TRUE,
Toko aksesoris husnah,https://s.shopee.co.id/AKYl0ipmis,aksesoris husnah,Belanja di Toko aksesoris husnah sekarang lagi ada komisi ekstra loh! Cek koleksi lengkapnya di link ya 🛍️,Draft,20.0,TRUE,
IMMORTAL GAMING Accesories,https://s.shopee.co.id/AUsBD1p9Nv,immortal gaming accesories,Belanja di IMMORTAL GAMING Accesories sekarang lagi ada komisi ekstra loh! Cek koleksi lengkapnya di link ya 🛍️,Draft,20.0,TRUE,
Toko Baru Aksesoriss,https://s.shopee.co.id/80AqEQyfSS,baru aksesoriss,Belanja di Toko Baru Aksesoriss sekarang lagi ada komisi ekstra loh! Cek koleksi lengkapnya di link ya 🛍️,Draft,20.0,TRUE,
En flower store,https://s.shopee.co.id/8AUGQjy27V,en flower,Belanja di En flower store sekarang lagi ada komisi ekstra loh! Cek koleksi lengkapnya di link ya 🛍️,Draft,19.5,TRUE,
FLOWERGLASS Official Store,https://s.shopee.co.id/8Kngd2xOmY,flowerglass,Belanja di FLOWERGLASS Official Store sekarang lagi ada komisi ekstra loh! Cek koleksi lengkapnya di link ya 🛍️,Draft,16.5,TRUE,
Cilmi Flower Fhasion,https://s.shopee.co.id/8V76pLwlRb,cilmi flower fhasion,Belanja di Cilmi Flower Fhasion sekarang lagi ada komisi ekstra loh! Cek koleksi lengkapnya di link ya 🛍️,Draft,16.5,TRUE,
iannflowers,https://s.shopee.co.id/8fQX1ew86e,iannflowers,Belanja di iannflowers sekarang lagi ada komisi ekstra loh! Cek koleksi lengkapnya di link ya 🛍️,Draft,15.5,TRUE,
INK flowers,https://s.shopee.co.id/8pjxDxvUlh,ink flowers,Belanja di INK flowers sekarang lagi ada komisi ekstra loh! Cek koleksi lengkapnya di link ya 🛍️,Draft,15.5,TRUE,
roses flower supply,https://s.shopee.co.id/903NQGurQk,roses flower supply,Belanja di roses flower supply sekarang lagi ada komisi ekstra loh! Cek koleksi lengkapnya di link ya 🛍️,Draft,15.5,TRUE,
Flower  Shop,https://s.shopee.co.id/9AMncZuE5n,flower,Belanja di Flower  Shop sekarang lagi ada komisi ekstra loh! Cek koleksi lengkapnya di link ya 🛍️,Draft,15.5,TRUE,
Clarin flowers,https://s.shopee.co.id/6ffSdz3kAK,clarin flowers,Belanja di Clarin flowers sekarang lagi ada komisi ekstra loh! Cek koleksi lengkapnya di link ya 🛍️,Draft,13.5,TRUE,
Flower&Jewelry,https://s.shopee.co.id/6pysqI36pN,flowerjewelry,Belanja di Flower&Jewelry sekarang lagi ada komisi ekstra loh! Cek koleksi lengkapnya di link ya 🛍️,Draft,13.5,TRUE,
Flower  Shop_Toko 2,https://s.shopee.co.id/70IJ2b2TUQ,flower shoptoko 2,Belanja di Flower  Shop_Toko 2 sekarang lagi ada komisi ekstra loh! Cek koleksi lengkapnya di link ya 🛍️,Draft,13.5,TRUE,
Rania_Flowers,https://s.shopee.co.id/7AbjEu1q9T,raniaflowers,Belanja di Rania_Flowers sekarang lagi ada komisi ekstra loh! Cek koleksi lengkapnya di link ya 🛍️,Draft,13.5,TRUE,
Vellora.flower,https://s.shopee.co.id/7Kv9RD1CoW,velloraflower,Belanja di Vellora.flower sekarang lagi ada komisi ekstra loh! Cek koleksi lengkapnya di link ya 🛍️,Draft,12.5,TRUE,
Laila Flowers,https://s.shopee.co.id/7VEZdW0ZTZ,laila flowers,Belanja di Laila Flowers sekarang lagi ada komisi ekstra loh! Cek koleksi lengkapnya di link ya 🛍️,Draft,12.5,TRUE,
Flower Wallet Store,https://s.shopee.co.id/7fXzpozw8c,flower wallet,Belanja di Flower Wallet Store sekarang lagi ada komisi ekstra loh! Cek koleksi lengkapnya di link ya 🛍️,Draft,12.5,TRUE,
Flowers.Kids,https://s.shopee.co.id/7prQ27zInf,flowerskids,Belanja di Flowers.Kids sekarang lagi ada komisi ekstra loh! Cek koleksi lengkapnya di link ya 🛍️,Draft,12.5,TRUE,
Summer Flower,https://s.shopee.co.id/5LA53X8osC,summer flower,Belanja di Summer Flower sekarang lagi ada komisi ekstra loh! Cek koleksi lengkapnya di link ya 🛍️,Draft,12.5,TRUE,
Magic Flower,https://s.shopee.co.id/5VTVFq8BXF,magic flower,Belanja di Magic Flower sekarang lagi ada komisi ekstra loh! Cek koleksi lengkapnya di link ya 🛍️,Draft,11.5,TRUE,
Flower Palace,https://s.shopee.co.id/5fmvS97YCI,flower palace,Belanja di Flower Palace sekarang lagi ada komisi ekstra loh! Cek koleksi lengkapnya di link ya 🛍️,Draft,11.5,TRUE,
My Heaven flower,https://s.shopee.co.id/5q6LeS6urL,my heaven flower,Belanja di My Heaven flower sekarang lagi ada komisi ekstra loh! Cek koleksi lengkapnya di link ya 🛍️,Draft,11.5,TRUE,
Flower-Star,https://s.shopee.co.id/60Plql6HWO,flowerstar,Belanja di Flower-Star sekarang lagi ada komisi ekstra loh! Cek koleksi lengkapnya di link ya 🛍️,Draft,11.5,TRUE,
ByFlowerinn,https://s.shopee.co.id/6AjC345eBR,byflowerinn,Belanja di ByFlowerinn sekarang lagi ada komisi ekstra loh! Cek koleksi lengkapnya di link ya 🛍️,Draft,11.5,TRUE,
ILOVEBATUFLOWER,https://s.shopee.co.id/6L2cFN50qU,ilovebatuflower,Belanja di ILOVEBATUFLOWER sekarang lagi ada komisi ekstra loh! Cek koleksi lengkapnya di link ya 🛍️,Draft,11.5,TRUE,
Tales of Artificial Flowers,https://s.shopee.co.id/6VM2Rg4NVX,tales of artificial flowers,Belanja di Tales of Artificial Flowers sekarang lagi ada komisi ekstra loh! Cek koleksi lengkapnya di link ya 🛍️,Draft,11.5,TRUE,
Magenta flower,https://s.shopee.co.id/40ehT5Dta4,magenta flower,Belanja di Magenta flower sekarang lagi ada komisi ekstra loh! Cek koleksi lengkapnya di link ya 🛍️,Draft,11.5,TRUE,
Sunflower Babywear,https://s.shopee.co.id/4Ay7fODGF7,sunflower babywear,Belanja di Sunflower Babywear sekarang lagi ada komisi ekstra loh! Cek koleksi lengkapnya di link ya 🛍️,Draft,11.5,TRUE,
Flower_Diary,https://s.shopee.co.id/4LHXrhCcuA,flowerdiary,Belanja di Flower_Diary sekarang lagi ada komisi ekstra loh! Cek koleksi lengkapnya di link ya 🛍️,Draft,11.5,TRUE,
FlowerWorld,https://s.shopee.co.id/4Vay40BzZD,flowerworld,Belanja di FlowerWorld sekarang lagi ada komisi ekstra loh! Cek koleksi lengkapnya di link ya 🛍️,Draft,11.5,TRUE,
Ananda Flowers,https://s.shopee.co.id/4fuOGJBMEG,ananda flowers,Belanja di Ananda Flowers sekarang lagi ada komisi ekstra loh! Cek koleksi lengkapnya di link ya 🛍️,Draft,11.5,TRUE,
Nova Flower,https://s.shopee.co.id/4qDoScAitJ,nova flower,Belanja di Nova Flower sekarang lagi ada komisi ekstra loh! Cek koleksi lengkapnya di link ya 🛍️,Draft,11.5,TRUE,
Acacia.Flowers,https://s.shopee.co.id/50XEevA5YM,acaciaflowers,Belanja di Acacia.Flowers sekarang lagi ada komisi ekstra loh! Cek koleksi lengkapnya di link ya 🛍️,Draft,11.5,TRUE,
Orenji Flower,https://s.shopee.co.id/5AqerE9SDP,orenji flower,Belanja di Orenji Flower sekarang lagi ada komisi ekstra loh! Cek koleksi lengkapnya di link ya 🛍️,Draft,10.5,TRUE,
Home Flower Nawra,https://s.shopee.co.id/2g9JsdIyHw,home flower nawra,Belanja di Home Flower Nawra sekarang lagi ada komisi ekstra loh! Cek koleksi lengkapnya di link ya 🛍️,Draft,10.5,TRUE,
Gontiang Flower Store,https://s.shopee.co.id/2qSk4wIKwz,gontiang flower,Belanja di Gontiang Flower Store sekarang lagi ada komisi ekstra loh! Cek koleksi lengkapnya di link ya 🛍️,Draft,10.5,TRUE,
BlueWaterFlowers,https://s.shopee.co.id/30mAHFHhc2,bluewaterflowers,Belanja di BlueWaterFlowers sekarang lagi ada komisi ekstra loh! Cek koleksi lengkapnya di link ya 🛍️,Draft,11.5,TRUE,
EL FLOWER STORE,https://s.shopee.co.id/3B5aTYH4H5,el flower,Belanja di EL FLOWER STORE sekarang lagi ada komisi ekstra loh! Cek koleksi lengkapnya di link ya 🛍️,Draft,11.5,TRUE,
Artificial Flower & Daily Need,https://s.shopee.co.id/3LP0frGQw8,artificial flower daily need,Belanja di Artificial Flower & Daily Need sekarang lagi ada komisi ekstra loh! Cek koleksi lengkapnya di link ya 🛍️,Draft,11.5,TRUE,
memeyflower,https://s.shopee.co.id/3ViQsAFnbB,memeyflower,Belanja di memeyflower sekarang lagi ada komisi ekstra loh! Cek koleksi lengkapnya di link ya 🛍️,Draft,11.5,TRUE,
Eternal.Flower,https://s.shopee.co.id/3g1r4TFAGE,eternalflower,Belanja di Eternal.Flower sekarang lagi ada komisi ekstra loh! Cek koleksi lengkapnya di link ya 🛍️,Draft,11.5,TRUE,
SunFlower Shop Id,https://s.shopee.co.id/3qLHGmEWvH,sunflower,Belanja di SunFlower Shop Id sekarang lagi ada komisi ekstra loh! Cek koleksi lengkapnya di link ya 🛍️,Draft,11.5,TRUE,
MOON FLOWER CLOTHES,https://s.shopee.co.id/1LdwIBO2zo,moon flower clothes,Belanja di MOON FLOWER CLOTHES sekarang lagi ada komisi ekstra loh! Cek koleksi lengkapnya di link ya 🛍️,Draft,11.5,TRUE,
flower home decoration,https://s.shopee.co.id/1VxMUUNPer,flower home decoration,Belanja di flower home decoration sekarang lagi ada komisi ekstra loh! Cek koleksi lengkapnya di link ya 🛍️,Draft,10.5,TRUE,
Jogja Flower Corner,https://s.shopee.co.id/1gGmgnMmJu,jogja flower corner,Belanja di Jogja Flower Corner sekarang lagi ada komisi ekstra loh! Cek koleksi lengkapnya di link ya 🛍️,Draft,10.5,TRUE,
VISIONFLOWER,https://s.shopee.co.id/1qaCt6M8yx,visionflower,Belanja di VISIONFLOWER sekarang lagi ada komisi ekstra loh! Cek koleksi lengkapnya di link ya 🛍️,Draft,10.5,TRUE,
Cassano Flower,https://s.shopee.co.id/20td5PLVe0,cassano flower,Belanja di Cassano Flower sekarang lagi ada komisi ekstra loh! Cek koleksi lengkapnya di link ya 🛍️,Draft,10.5,TRUE,
SyurgaFlower25,https://s.shopee.co.id/2BD3HiKsJ3,syurgaflower25,Belanja di SyurgaFlower25 sekarang lagi ada komisi ekstra loh! Cek koleksi lengkapnya di link ya 🛍️,Draft,10.5,TRUE,
Hilya flowerseeds,https://s.shopee.co.id/2LWTU1KEy6,hilya flowerseeds,Belanja di Hilya flowerseeds sekarang lagi ada komisi ekstra loh! Cek koleksi lengkapnya di link ya 🛍️,Draft,10.5,TRUE,
Flower City,https://s.shopee.co.id/2VptgKJbd9,flower city,Belanja di Flower City sekarang lagi ada komisi ekstra loh! Cek koleksi lengkapnya di link ya 🛍️,Draft,10.5,TRUE,
SERBA SERBI FLOWER,https://s.shopee.co.id/18YhjT7hg,serba serbi flower,Belanja di SERBA SERBI FLOWER sekarang lagi ada komisi ekstra loh! Cek koleksi lengkapnya di link ya 🛍️,Draft,10.5,TRUE,
imflower,https://s.shopee.co.id/BRyu2SUMj,imflower,Belanja di imflower sekarang lagi ada komisi ekstra loh! Cek koleksi lengkapnya di link ya 🛍️,Draft,10.5,TRUE,
Kasanga Hijau Flower,https://s.shopee.co.id/LlP6LRr1m,kasanga hijau flower,Belanja di Kasanga Hijau Flower sekarang lagi ada komisi ekstra loh! Cek koleksi lengkapnya di link ya 🛍️,Draft,10.5,TRUE,
bummi flowers,https://s.shopee.co.id/W4pIeRDgp,bummi flowers,Belanja di bummi flowers sekarang lagi ada komisi ekstra loh! Cek koleksi lengkapnya di link ya 🛍️,Draft,10.5,TRUE,
Istana flower & gift,https://s.shopee.co.id/gOFUxQaLs,istana flower gift,Belanja di Istana flower & gift sekarang lagi ada komisi ekstra loh! Cek koleksi lengkapnya di link ya 🛍️,Draft,10.5,TRUE,
Pasar Bunga Rawa Belong,https://s.shopee.co.id/qhfhGPx0v,pasar bunga rawa belong,Belanja di Pasar Bunga Rawa Belong sekarang lagi ada komisi ekstra loh! Cek koleksi lengkapnya di link ya 🛍️,Draft,24.5,TRUE,
BUNGA DAHLIA STORE,https://s.shopee.co.id/1115tZPJfy,bunga dahlia,Belanja di BUNGA DAHLIA STORE sekarang lagi ada komisi ekstra loh! Cek koleksi lengkapnya di link ya 🛍️,Draft,18.5,TRUE,
SETIA BUNGA REAL,https://s.shopee.co.id/1BKW5sOgL1,setia bunga real,Belanja di SETIA BUNGA REAL sekarang lagi ada komisi ekstra loh! Cek koleksi lengkapnya di link ya 🛍️,Draft,17.5,TRUE,
Aulia_Bunga,https://s.shopee.co.id/9Uze1BsxQe,auliabunga,Belanja di Aulia_Bunga sekarang lagi ada komisi ekstra loh! Cek koleksi lengkapnya di link ya 🛍️,Draft,16.5,TRUE,
